,skills
0,material
1,pusher
2,common object request broker architecture
3,data classification
4,api
5,react storybook
6,automatic taxonomy induction
7,eye movement
8,livereload
9,machine learning tools
10,cobol
11,heroku postgres
12,openresty
13,sliding window protocol
14,particle filter
15,certificate authority
16,postgis
17,angular
18,control flow
19,automatic programming
20,data system
21,image meta search
22,twilio
23,cluster analysis
24,data extraction
25,level of detail
26,user profile
27,es6
28,beanstalk
29,signal strength
30,markdown
31,wireless
32,synthetic data
33,telegram bot api
34,key lock
35,grpc
36,thresholding
37,javascript ui libraries
38,algorithm
39,traffic model
40,web forms
41,microservices tools
42,transparency graphic
43,interpolation
44,phalcon
45,sensor fusion
46,correctness
47,generalized linear model
48,docker swarm
49,serverless
50,fuzzy logic
51,puppet labs
52,design
53,integer programming
54,spree
55,intercom
56,multimedia database
57,google cloud datastore
58,application specific integrated circuit
59,greedy algorithm
60,woocommerce
61,arch linux
62,nuxt
63,electronic engineering
64,activemq
65,julia
66,economic policy
67,manufacturing engineering
68,puppeteer
69,timefrequency analysis
70,asynchronous communication
71,finance
72,stereopsis
73,video tracking
74,satisfiability
75,computer security
76,trend analysis
77,medical imaging
78,actuarial science
79,clion
80,shields.io
81,google cloud vision api
82,path analysis statistics
83,microdata html
84,python
85,circumscription
86,shape analysis digital geometry
87,false positive rate
88,random projection
89,source code
90,power management
91,pico 8
92,aws cloudformation
93,tower
94,bulma
95,data access
96,spark
97,graphic design
98,sequential pattern mining
99,knowledge management
100,formal specification
101,clone java method
102,infobox
103,php mvc
104,logical framework
105,construction engineering
106,sma
107,jekyll
108,sonatype nexus
109,cassandra
110,internet privacy
111,jasmine
112,wordpress
113,dyn
114,business process
115,monero
116,transition system
117,lxc
118,multimedia
119,microsoft sql server
120,synchronization
121,classical logic
122,breadth first search
123,postgresql
124,code review
125,multi agent system
126,semantic data model
127,content management
128,load balancing computing
129,human visual system model
130,routing protocol
131,integrated circuit design
132,fragmentation computing
133,babel
134,clicky
135,consistency model
136,formal methods
137,haproxy
138,humancomputer information retrieval
139,access method
140,boolean expression
141,cpp
142,logic in computer science
143,finite state machine
144,redux.js
145,graphical model
146,file system
147,distributed algorithm
148,programming  code analytics
149,local search optimization
150,program design language
151,azure websites
152,trecvid
153,pwa
154,less
155,jetty
156,kibana
157,machine vision
158,knowledge modeling
159,query optimization
160,object detection
161,dynamic range
162,image sensor
163,email marketing
164,load management
165,edit distance
166,virtual machine management
167,abstract machine
168,mixpanel
169,woopra
170,high availability
171,travelling salesman problem
172,varnish
173,optical disc
174,dcos
175,google cloud container builder
176,visual studio
177,composite index
178,amazon cognito
179,haskell
180,fast fourier transform
181,feathersjs
182,mongoose
183,pose
184,bitcoin
185,parse
186,scalability
187,webpack
188,title search
189,amazon vpc
190,fastly
191,document layout analysis
192,propagation delay
193,nosql
194,discrete cosine transform
195,iframely
196,engineering
197,access control
198,hubspot
199,aerial photography
200,amphp
201,structural engineering
202,mobile push messaging
203,octodns
204,web service automation
205,hidden markov model
206,java build tools
207,pyspark
208,netlify
209,financial system
210,background processing
211,high level programming language
212,coding social sciences
213,concurrency
214,link layer
215, c 
216,zend framework
217,testing
218,operating system
219,agricultural engineering
220,aws lambda
221,grails
222,optical recording
223,data stream
224,cognitive neuroscience of visual object recognition
225,multivariate statistics
226,piwik
227,static web hosting
228,front end package manager
229,advertising
230,continuum design consultancy
231,convergence routing
232,accounting
233,continuous deployment
234,momentjs
235,nodejs
236,postgresql as a service
237,stream processing
238,amazon ec2 container service
239,exploratory data analysis
240,business tools
241,workload
242,factorial experiment
243,xgboost
244,grunt
245,support vector machine
246,charting libraries
247,keyword extraction
248,scaleway
249,information model
250,internet of things hardware
251,monitoring aggregation
252,digital signature
253,adobe photoshop
254,response time
255,languages
256,cloud access management
257,asynchronous transfer mode
258,simulation
259,line of sight
260,motion detection
261,markov chain
262,source document
263,finagle
264,artificial neural network
265,arborist
266,flash memory
267,openlayers
268,publishing
269,cranfield experiments
270,user feedback as a service
271,software agent
272,openstack
273,heroku
274,traffic engineering
275,network delay
276,independent component analysis
277,c#
278,civil engineering
279,mode
280,sorting
281,snyk
282,system on a chip
283,cross platform mobile development
284,semantic similarity
285,electrical engineering
286,monitoring tools
287,concurrent computing
288,phabricator
289,semantic ui
290,optical character recognition
291,propositional calculus
292,teamcity
293,proximity search
294,optical transfer function
295,slim lang
296,secrets management
297,neovim
298,customer relationship management
299,chemical engineering
300,photogrammetry
301,awx
302,expander graph
303,objective c
304,beanstalkd
305,performance monitoring
306,power control
307,mobile robot
308,database tools
309,library
310,linear discriminant analysis
311,new relic
312,process management
313,network security
314,kanban tool
315,random effects model
316,certificate
317,amazon rds
318,faceted search
319,dart
320,devise
321,watershed
322,lucene
323,dijkstras algorithm
324,platform as a service tools
325,performance metric
326,databases
327,gunicorn
328,deco
329,prolog
330,sendbird
331,digital signal processing
332,control reconfiguration
333,collision
334,flip flop
335,libraries
336,heroku redis
337,hybrid system
338,kubernetes
339,gatsby
340,sqlite
341,self hosted blogging  cms
342,change detection
343,junit
344,gradient descent
345,wordplate
346,nightwatchjs
347,directed graph
348,tracking system
349,cloud functions for firebase
350,notepad
351,hhvm hiphop virtual machine
352,peak signal to noise ratio
353,quantum computer
354,user management and authentication
355,lastpass
356,mastodon
357,decidability
358,non volatile memory
359,aws codedeploy
360,electron
361,qt
362,electroencephalography
363,virtualization platform
364,ecommerce
365,jitter
366,color vision
367,communication complexity
368,fault tolerance
369,statistical classification
370,lodash
371,vector space model
372,geotagging
373,streams
374,image segmentation
375,pandas
376,shared resource
377,image quality
378,polymorphism computer science
379,data visualization
380,liquibase
381,consul
382,uncertain data
383,weebly
384,copy protection
385,content delivery network
386,dynamic time warping
387,storm
388,bazel
389,wix
390,access network
391,network interface
392,web crawler
393,mailjet
394,knapsack problem
395,aerospike
396,response surface methodology
397,hbase
398,fastai
399,unified medical language system
400,data stream mining
401,mongodb atlas
402,kissmetrics
403,rdf
404,deploybot
405,redash
406,apigee
407,cryptographic protocol
408,postmark
409,information overload
410,discrete logarithm
411,image processing
412,feature vector
413,amazon redshift
414,persistence computer science
415,raml
416,puma
417,gnu bash
418,specification
419,rest api
420,ionic
421,redis
422,growbag
423,heatmap analytics
424,code generation
425,dash
426,transport layer
427,mobile radio
428,field programmable gate array
429,information filtering system
430,go
431,opencv
432,intrusion detection system
433,supercomputer
434,phonegap
435,marine engineering
436,semantic ui react
437,prometheus
438,virtual machine
439,clever cloud
440,framework7
441,faceted classification
442,pubnub
443,apache http server
444,record linkage
445,utilities
446,create react app
447,website monitoring
448,azure machine learning
449,database
450,correlation coefficient
451,low pass filter
452,network layer
453,passenger
454,sphinx
455,redmine
456,concurrency frameworks
457,nlp
458,searchretrieve via url
459,rancher
460,emr
461,fault model
462,ubiquitous computing
463,active appearance model
464,speech processing
465,compressed sensing
466,chef
467,dynamic loading
468,self organization
469,symmetric multiprocessor system
470,browser testing
471,vue
472,cloudinary
473,architectural engineering
474,eureka
475,hough transform
476,expectationmaximization algorithm
477,asp.net
478,http
479,plagiarism detection
480,browserstack
481,urban airship
482,business administration
483,sequential logic
484,time constraint
485,minecraft
486,analytics
487,jest
488,mesosphere
489,svn subversion
490,semantic matching
491,visual studio team services
492,boolean algebra
493,time series
494,object oriented programming
495,electronic document
496,natural language understanding
497,apache spark
498,time domain
499,brain mapping
500,lottie
501,quantifier elimination
502,decision tree
503,real time computing
504,distributed database
505,composite number
506,druid
507,point location
508,technological change
509,algorithm design
510,kpi
511,frequency domain
512,hasura
513,eye tracking
514,actuator
515,react.js boilerplate
516,code collaboration  version control
517,project management
518,github
519,table information
520,prosthesis
521,semantic network
522,centos
523,pushdown automaton
524,canonical model
525,linear regression
526,operating systems
527,rabbitmq
528,range query data structures
529,deterministic automaton
530,mobile analytics
531,nats
532,r
533,central processing unit
534,broadcasting
535,econometric model
536,message passing
537,ensemble learning
538,handlebars.js
539,rust
540,keras
541,mina
542,multisearch
543,multidimensional analysis
544,android
545,natural language
546,semantic web
547,humancomputer interaction
548,software engineering
549,solid modeling
550,inspec
551,program optimization
552,akamai
553,jenkins
554,control theory
555,material design
556,business dashboards
557,mobile backend
558,sensor tower
559,semantic computing
560,koding
561,sas
562,buffer
563,conventional pci
564,linear search
565,ground truth
566,motion planning
567,aboutness
568,tfidf
569,communication in small groups
570,robot
571,iterative reconstruction
572,language acquisition
573,commenting service
574,look ahead
575,virtual reality
576,airtable
577,scale space
578,rule based system
579,word sense disambiguation
580,predictive coding
581,peer to peer
582,phpunit
583,exception monitoring
584,communication
585,medical literature retrieval
586,oracle
587,wireless sensor network
588,cross validation
589,cryptography
590,simulated annealing
591,software
592,google drive
593,secret sharing
594,standard ml
595,linear prediction
596,tabu search
597,plotly
598,rough set
599,masters
600,aws iam
601,fluentd
602,html5
603,bayes
604,entityrelationship model
605,internet protocol suite
606,computer file
607,pattern matching
608,data structure
609,webflow
610,bitbucket
611,information flow information theory
612,live reloading
613,namecheap
614,scalable vector graphics
615,activity recognition
616,metamodeling
617,supervisory control
618,cypress
619,smoothing
620,gulp
621,amazon ec2
622,clojure
623,systems engineering
624,ngrok
625,google cloud storage
626,haptic technology
627,server configuration and automation
628,business
629,image resolution
630,stylus
631,eslint
632,hotjar
633,brightness
634,inkwell
635,machine learning
636,task management
637,ovh
638,concept learning
639,authentication
640,package manager
641,in memory databases
642,appium
643,mapping apis
644,mesh networking
645,react native
646,network planning and design
647,arangodb
648,typeform
649,npm
650,scikit
651,design for testing
652,flow type
653,visual basic
654,asana
655,gauges
656,query string
657,codec
658,first class
659,bibliographic database
660,redis cloud
661,javascript testing framework
662,controlled vocabulary
663,tableau
664,mandrill
665,onsen ui
666,multimodal search
667,payments
668,google scholar and academic libraries
669,docker
670,erasure code
671,interactive mockups
672,mattermost
673,scala
674,neo4j
675,password management
676,autonomic computing
677,firefox
678,support
679,3d reconstruction
680,mailgun
681,wiener filter
682,influxdb
683,php
684,support sales and marketing
685,ipfs
686,syntax
687,linear algebrahive
688,open source cloud
689,synthetic aperture radar
690,codebook
691,cloud firestore
692,computer graphics images
693,google cloud sql
694,discrete system
695,computer aided software engineering
696,microcontroller
697,constant false alarm rate
698,body text
699,component analysis
700,scrutinizer
701,search algorithm
702,c
703,secure communication
704,liquid crystal display
705,principal component analysis
706,rule induction
707,drupal
708,knowledge based systems
709,dropwizard
710,high level synthesis
711,telecommunications service
712,postcss
713,markup language
714,frequency analysis
715,web app builders
716,node.js
717,bigquery
718,material design for bootstrap
719,overlay network
720,mobx
721,google cloud pubsub
722,distributed memory
723,django rest framework
724,process engineering
725,jupyter notebook
726,pycharm
727,naive bayes classifier
728,robustness computer science
729,document management system
730,environmental engineering
731,arduino
732,code climate
733,data cube
734,risk analysis engineering
735,crowdsourcing
736,groovy
737,indentation
738,compose
739,package managers
740,adaptive routing
741,canonical correlation
742,chatops
743,information retrieval query language
744,alpine linux
745,critical mass software engineering
746,particle swarm optimization
747,push monkey
748,impala
749,logstash
750,unicorn
751,skype
752,hazelcast
753,hetzner online ag
754,templating languages  extensions
755,web components
756,server
757,detection theory
758,amazon rds for aurora
759,aws opsworks
760,document collaboration
761,mongolab
762,point to point
763,figure of merit
764,data pipeline
765,mechanical engineering
766,google analytics
767,css
768,go.cd
769,intuitionistic logic
770,program synthesis
771,amazon cloudwatch
772,link analysis
773,rocket
774,data logger
775,active networking
776,workflow
777,nomad
778,analysis of variance
779,integrated development environment tools
780,spectrogram
781,interaction
782,diagram
783,electronic data interchange
784,cloudflare
785,linear model
786,amazon cloudfront
787,industrial organization
788,aws direct connect
789,clubhouse
790,gitlab pages
791,c3.js
792,geometric modeling
793,security
794,build test deploy
795,biometrics
796,computational geometry
797,functional programming
798,embedded system
799,kullbackleibler divergence
800,cloud content management system
801,netty
802,kong
803,voice over ip
804,text processing
805,minio
806,jira
807,data acquisition
808,structured document
809,augmented reality
810,amazon machine learning
811,redux
812,echo
813,front end frameworks
814,istio
815,hogan.js
816,amazon elasticache
817,karhunenlove theorem
818,localization
819,language model
820,bamboo
821,readme.io
822,styled components
823,error concealment
824,open source service discovery
825,continuous integration
826,datadog
827,intellij idea
828,beta by crashlytics
829,deductive database
830,speckle pattern
831,graph databases
832,highcharts
833,combinatorial optimization
834,search engine indexing
835,bayesian inference
836,data processing
837,forums
838,moving average
839,helm
840,web and video conferencing
841,backbone.js
842,catboost
843,specification language
844,docker machine
845,cellular network
846,vim
847,node.js process manager
848,search engines
849,search box
850,discriminative model
851,couchbase
852,rethinkdb
853,throughput
854,zenefits
855,level set
856,slack
857,denial of service attack
858,mobile agent
859,dynamic source routing
860,input device
861,smart information retrieval system
862,amazon elasticsearch service
863,ibm db2
864,nexmo
865,pattern recognition
866,systems management
867,cakephp
868,comprehension
869,buildkite
870,emotion recognition
871,patent classification
872,computer program
873,mobile ui frameworks
874,polymer
875,dynamic testing
876,gitkraken
877,github pages
878,onesignal
879,frontend
880,analysis of algorithms
881,rails
882,analysis of covariance
883,information extraction
884,stitch
885,tdd
886,maven
887,requirejs
888,natural language processing
889,engagementlifecycle marketing
890,bootswatch
891,telecommunications
892,web service
893,immutable.js
894,data manipulation language
895,static timing analysis
896,marketing automation
897,virtual memory
898,d3.js
899,cross correlation
900,facial expression
901,mercurial
902,document retrieval
903,compass
904,transport engineering
905,filestack
906,zookeeper
907,international trade
908,reachability
909,ethernet
910,binary search tree
911,terraform
912,ansible
913,decision problem
914,query languages
915,macos
916,image analysis api
917,bourbon
918,spss
919,1password
920,microsoft iis
921,linux mint
922,multicast
923,node networking
924,languages  frameworks
925,enterprise information security architecture
926,web document
927,customer support chat
928,visual studio code
929,collaboration
930,pixel art
931,google bigquery
932,marathon
933,decision rule
934,vuex
935,virtual private cloud
936,generalization error
937,application server
938,ffmpeg
939,formal language
940,computer data storage
941,parse server
942,web server
943,numpy
944,hilberthuang transform
945,spacy
946,amazon kinesis firehose
947,computer multitasking
948,ir evaluation
949,kafka
950,heroku ci
951,capybara
952,latent dirichlet allocation
953,base station
954,xcode
955,state diagram
956,aws fargate
957,data science
958,riak
959,data consistency
960,braintree
961,region of interest
962,guzzle
963,google app maker
964,microframeworks backend
965,resource allocation
966,lookup table
967,auth0
968,sourcetree
969,social media tools
970,data as a service
971,documentation as a service  tools
972,translation service
973,deployment as a service
974,dotnet
975,p system
976,real time communication
977,noise reduction
978,prognostics
979,missing data
980,postgres
981,realm
982,computation
983,schedule
984,adaptive system
985,aws codecommit
986,aws elastic load balancing elb
987,sentiment analysis
988,boosting machine learning
989,symfony
990,geoparsing
991,knowledge base
992,create react native app
993,internetworking
994,source separation
995,google cloud dns
996,apache tomcat
997,unsupervised learning
998,telephony
999,amazon sns
1000,integrated development environment
1001,wireless network
1002,document classification
1003,encryption
1004,phaser
1005,bash
1006,pixel
1007,object oriented
1008,insomnia rest client
1009,chrome
1010,maxcdn
1011,cloud foundry
1012,koa
1013,maximum a posteriori estimation
1014,phpstorm
1015,folksonomy
1016,raspberry pi
1017,datalog
1018,3d
1019,browserify
1020,motion estimation
1021,time sharing
1022,azure cosmos db
1023,information retrieval applications
1024,patent visualisation
1025,transactional email
1026,type inference
1027,viterbi algorithm
1028,divide and conquer algorithms
1029,skeleton computer programming
1030,automated reasoning
1031,codenvy
1032,wavefront
1033,recursion
1034,distributed object
1035,jquery ui
1036,shell
1037,cloud9 ide
1038,built in self test
1039,communications sdk
1040,layout engine
1041,object document mapper odm
1042,ifttt
1043,apollo
1044,google tag manager
1045,ios
1046,domain knowledge
1047,dependency monitoring
1048,classifier linguistics
1049,selenium
1050,stemming
1051,information discovery
1052,issue tracking
1053,landing pages
1054,amazon ebs
1055,document signature
1056,buffer overflow
1057,frameworks full stack
1058,information theory
1059,intelligent agent
1060,sql database as a service
1061,amplitude
1062,messenger platform
1063,domain model
1064,machine learning as a service
1065,incremental learning
1066,loader.io
1067,codecov
1068,computer engineering
1069,mathematical logic
1070,amazon api gateway
1071,zendesk
1072,cdnjs
1073,coordinate system
1074,nim
1075,geographic information retrieval
1076,matlab
1077, r 
1078,documentation
1079,hibernate
1080,lets encrypt
1081,search engine
1082,quality of service
1083,application utilities
1084,knockoutjs
1085,biochemical engineering
1086,paypal
1087,reliability engineering
1088,clinicalkey
1089,graphql
1090,receiver operating characteristic
1091,git tools
1092,latent semantic indexing
1093,multivariate analysis
1094,expressjs
1095,word error rate
1096,opensuse
1097,network model
1098,enterprise system
1099,computer architecture
1100,intelligent network
1101,natural deduction
1102,knowledge representation and reasoning
1103,digital radio
1104,mvvmcross
1105,deontic logic
1106,genetic algorithm
1107,geckoboard
1108,mobile database
1109,inter process communication
1110,display device
1111,text box
1112,elm
1113,information management
1114,relative record data set
1115,bayesian network
1116,nitrous.io
1117,decomposition method constraint satisfaction
1118,database design
1119,sonarqube
1120,named entity
1121,file format
1122,lumen
1123,mapbox
1124,statuscake
1125,phd
1126,core network
1127,disjunctive normal form
1128,distributed file system
1129,reference frame
1130,framework
1131,f
1132,gist
1133,industrial engineering
1134,web starter kit
1135,buddy
1136,load and performance testing
1137,visual cortex
1138,etcd
1139,zeplin
1140,feature extraction
1141,trello
1142,hash function
1143,bayesian probability
1144,ember.js
1145,debian
1146,automated theorem proving
1147,search as a service
1148,sparkpost
1149,scaffold
1150,operations research
1151,association rule learning
1152,disqus
1153,payment services
1154,segment
1155,navigation system
1156,testflight
1157,queue
1158,training set
1159,business intelligence
1160,docker compose
1161,postman
1162,email testing
1163,tools for text editors
1164,object model
1165,squarespace
1166,spreadsheets as a backend
1167,chemometrics
1168,underscore
1169,javascript utilities  libraries
1170,amazon dynamodb
1171,google cloud dataflow
1172,mobile testing frameworks
1173,boot2docker
1174,help desk
1175,data pre processing
1176,bag of words model
1177,middleman
1178,formal concept analysis
1179,knowledge extraction
1180,mobility management
1181,stack overflow
1182,analytics integrator
1183,legal information retrieval
1184,swagger ui
1185,linear temporal logic
1186,programmable logic device
1187,opengl
1188,metis
1189,goodness of fit
1190,gtp
1191,rotation
1192,workflow manager
1193,rspec
1194,data flow diagram
1195,phantomjs
1196,semantics
1197,flat panel display
1198,cepstrum
1199,apiary
1200,self management
1201,sidekiq
1202,structured text
1203,parcel
1204,gitbucket
1205,digitalocean
1206,computational complexity theory
1207,clientserver model
1208,tree data structure
1209,spatial frequency
1210,managed memcache
1211,description logic
1212,evolutionary algorithm
1213,scientometrics
1214,computational science
1215,statistics
1216,data file
1217,mongodb stitch
1218,docker cloud
1219,topic maps
1220,strips
1221,open data
1222,crm
1223,semantic web stack
1224,tree automaton
1225,web mining
1226,container tools
1227,mean shift
1228,result set
1229,calculus
1230,apache cordova
1231,gradle
1232,next generation network
1233,abstract interpretation
1234,sdn
1235,random indexing
1236,fabric by twitter
1237,portainer
1238,octopus deploy
1239,apache mesos
1240,top down and bottom up design
1241,next.js
1242,git
1243,cryptocurrency
1244,virtualbox
1245,ava
1246,etl
1247,cross platform desktop development
1248,image fusion
1249,authy
1250,system testing
1251,uppy
1252,data model
1253,code quality
1254,funnel analysis analytics
1255,sencha touch
1256,gcp
1257,optimization problem
1258,json
1259,media access control
1260,gitlab ci
1261,bootstrap
1262,api tools
1263,local area network
1264,corner detection
1265,qunit
1266,spacemacs
1267,recommender system
1268,type theory
1269,eclipse
1270,traefik
1271,error detection and correction
1272,stylelint
1273,supervised learning
1274,gaussian process
1275,algolia
1276,memcachier
1277,mongodb
1278,data exchange
1279,amazon eks
1280,apache flink
1281,cli
1282,tornado
1283,wakatime
1284,front and back ends
1285,dokku
1286,durability
1287,firebase
1288,microprocessor
1289,errors in variables models
1290,serverless  task processing
1291,tools for github
1292,telegram
1293,ibm   api connect
1294,background subtraction
1295,sparse approximation
1296,middleware
1297,.net
1298,read write memory
1299,hipchat
1300,realtime analytics
1301,emacs
1302,metadata
1303,image registration
1304,hierarchical database model
1305,google maps
1306,model checking
1307,version control system
1308,component
1309,strongly connected component
1310,crashlytics
1311,mobile error monitoring
1312,active database
1313,arbol
1314,pouchdb
1315,text retrieval conference
1316,play
1317,batch processing
1318,laravel
1319,apache maven
1320,android sdk
1321,hadoop
1322,vuetify
1323,deadlock
1324,adobe illustrator
1325,data integrity
1326,stripe
1327,capistrano
1328,user interface
1329,brute force search
1330,react router
1331,grafana
1332,automotive engineering
1333,vuepress
1334,cocoa touch ios
1335,network topology
1336,nuclear engineering
1337,open postgresql monitoring
1338,functional testing
1339,windows
1340,microcomputer
1341,gsm
1342,sqlalchemy
1343,stackdriver
1344,subject access
1345,data science notebooks
1346,spring
1347,curve fitting
1348,spatial analysis
1349,mobile continuous integration
1350,parallel algorithm
1351,azure functions
1352,heap
1353,gitlab
1354,flyway
1355,data mining
1356,vagrant
1357,random access
1358,data retrieval
1359,vmware vsphere
1360,screen sharing
1361,histogram
1362,google compute engine
1363,static site generators
1364,assets and media
1365,godaddy
1366,big data as a service
1367,runscope
1368,hypercube
1369,colorimetry
1370,digital subscriber line
1371,riot
1372,android studio
1373,erlang
1374,matched filter
1375,analog to digital converter
1376,knowledge retrieval
1377,distributed computing
1378,cataloging
1379,communications system
1380,oop
1381,skeleton
1382,data center
1383,similarity measure
1384,regression
1385,yeoman
1386,perl
1387,flurry
1388,medium
1389,modal logic
1390,docker for aws
1391,pushwoosh
1392,time tracking
1393,encoding memory
1394,data integration
1395,dempstershafer theory
1396,xamarin
1397,font
1398,angularui
1399,data reduction
1400,audio signal
1401,dropbox
1402,lambda calculus
1403,message queue
1404,rule of thumb
1405,codacy
1406,time of arrival
1407,mailchimp
1408,game engine
1409,jquery mobile
1410,integrated services digital network
1411,zepto
1412,communications protocol
1413,reliability computer networking
1414,curse of dimensionality
1415,surge
1416,application programming interface
1417,netbeans ide
1418,pingdom
1419,redis hosting
1420,test driven
1421,abstract data type
1422,deployment
1423,metabase
1424,dynamic data
1425,cross platform mobile tools
1426,computer graphics
1427,mobile station
1428,realtime backend  api
1429,amazon athena
1430,confirmatory factor analysis
1431,reinforcement learning
1432,blockchain
1433,mixture model
1434,replication computing
1435,residual
1436,microsoft azure
1437,bower
1438,aspnet
1439,router
1440,sensor array
1441,semantic html
1442,shortest path problem
1443,jquery
1444,computer science
1445,wavelet
1446,blind signal separation
1447,codemirror
1448,random forests
1449,knex.js
1450,wagtail
1451,amazon kinesis
1452,performance prediction
1453,devops
1454,handover
1455,linear algebra
1456,regular expression
1457,fabric
1458,source code management desktop apps
1459,complex system
1460,swift
1461,presto
1462,amazon s3
1463,computer vision
1464,stars
1465,least squares
1466,computability
1467,linode
1468,optical imaging
1469,drone.io
1470,biological database
1471,amazon rds for postgresql
1472,document processing
1473,testing frameworks
1474,uptime robot
1475,shift register
1476,amazon sqs
1477,data warehouse
1478,perl6
1479,ember
1480,aurelia
1481,active shape model
1482,jupyter
1483,sequelize
1484,memory management
1485,regular language
1486,github api
1487,application and data
1488,pulse signal processing
1489,euclidean distance
1490,locust
1491,engineering drawing
1492,tensorflow
1493,oxygene
1494,engineering ethics
1495,application hosting
1496,regression analysis
1497,computer network
1498,biomedical engineering
1499,react hot loader
1500,cloud hosting
1501,k d tree
1502,custom analytics
1503,complex data type
1504,online algorithm
1505,infrastructure build tools
1506,mean
1507,gluon
1508,javascript mvc frameworks
1509,nosql database as a service
1510,rxjs
1511,sendwithus
1512,memcached
1513,coveralls
1514,expert system
1515,data stores
1516,atom
1517,garbage collection
1518,program transformation
1519,lua
1520,kalman filter
1521,optical flow
1522,mongoid
1523,data compression
1524,petroleum engineering
1525,mobility model
1526,redux thunk
1527,mutual exclusion
1528,sklearn
1529,aws
1530,localhost tools
1531,icon font
1532,bibliometrics
1533,twitter
1534,survey widget
1535,aws elastic beanstalk
1536,java
1537,yii
1538,cloud monitoring
1539,inference
1540,nginx
1541,aerospace engineering
1542,instrumental variable
1543,location based service
1544,couchdb
1545,azure
1546,cluster management
1547,codeship
1548,distance transform
1549,invision
1550,gerrit code review
1551,network simulation
1552,google cloud messaging
1553,salesforce sales cloud
1554,speech coding
1555,parallel computing
1556,computational model
1557,computer hardware
1558,kaggle
1559,database transaction
1560,gatling
1561,ant design
1562,link relation
1563,conductor
1564,temporal database
1565,static random access memory
1566,superset
1567,k nearest neighbors algorithm
1568,stamplay
1569,query expansion
1570,react navigation
1571,travis ci
1572,socket.io
1573,contingency table
1574,anomaly detection
1575,emoji
1576,management science
1577,shopify
1578,meteor
1579,lxd
1580,minification
1581,resque
1582,scanner
1583,mvc tools
1584,kotlin
1585,text editor
1586,fullstory
1587,data validation
1588,vault
1589,google cloud memorystore
1590,sass
1591,kendo ui
1592,webstorm
1593,sails.js
1594,floating point
1595,question answering
1596,text segmentation
1597,visualization
1598,mutual information
1599,logrocket
1600,api.ai
1601,brunch
1602,voice and sms
1603,turing machine
1604,marionette
1605,webapp
1606,ambiguity
1607,remote control
1608,codeanywhere
1609,dnsimple
1610,segmentation
1611,ubuntu
1612,spring cloud
1613,hexo
1614,variables
1615,sql
1616,precision and recall
1617,data lake
1618,deep learning
1619,amazon emr
1620,flux
1621,data analysis
1622,scikit learn
1623,sequel pro
1624,google app engine
1625,materialize
1626,mining engineering
1627,fedora
1628,microsoft bot framework
1629,csharp
1630,very large database
1631,javascript
1632,conditional random field
1633,discrete event simulation
1634,art  architecture thesaurus
1635,hybrid algorithm
1636,snowflake
1637,arboriculture
1638,interconnection
1639,sublime text
1640,elixir
1641,laravel forge
1642,artificial intelligence
1643,lexico
1644,formal verification
1645,p2p
1646,react
1647,library science
1648,stakeholder
1649,quantum algorithm
1650,shippable
1651,swiftype
1652,conceptual model
1653,neural coding
1654,shrinkage
1655,kanban for github issues
1656,magento
1657,rollbar
1658,runtime system
1659,data science tools
1660,concurrency control
1661,caffe
1662,django
1663,remote procedure call
1664,hugo
1665,data modeling
1666,code coverage
1667,ratchet
1668,context free language
1669,hosted blogging platforms
1670,seesaw
1671,storybook
1672,linear logic
1673,reactiveui
1674,appveyor
1675,textmate
1676,multilevel model
1677,domain registration
1678,time to market
1679,virtual machine platforms  containers
1680,crazy egg
1681,concourse
1682,cucumber
1683,redundancy engineering
1684,release
1685,file storage
1686,graphite
1687,logic synthesis
1688,mustache
1689,clicktale
1690,celery
1691,headless browsers
1692,lambdatest
1693,caddy
1694,motion analysis
1695,rubymine
1696,modular design
1697,point spread function
1698,loggly
1699,real time operating system
1700,data structures
1701,sketch
1702,homebrew
1703,fusion
1704,github enterprise
1705,neural networks
1706,round trip delay time
1707,latex
1708,nsq
1709,json server
1710,laravel homestead
1711,relational database
1712,real time data
1713,virtual circuit
1714,amazon route 53
1715,google cloud bigtable
1716,google sheets
1717,pug
1718,chartbeat
1719,browsersync
1720,visual programming language
1721,angular 2
1722,software defined radio
1723,operator computer programming
1724,solr
1725,fastlane
1726,api documentation browser
1727,presentation semantics
1728,figma
1729,branch and bound
1730,nativescript
1731,imgix
1732,gogs
1733,elasticsearch
1734,unified modeling language
1735,back office
1736,homebridge
1737,softlayer
1738,incapsula
1739,signal processing
1740,process calculus
1741,keycdn
1742,distributed computing environment
1743,hockeyapp
1744,reverse engineering
1745,file uploads
1746,heap data structure
1747,feature selection
1748,xml
1749,big data tools
1750,higher order statistics
1751,spring boot
1752,automatic summarization
1753,recurly
1754,statistical model
1755,video quality
1756,graphical user interface
1757,information seeking
1758,independent set
1759,facial recognition system
1760,network architecture
1761,google kubernetes engine
1762,packer
1763,tree structure
1764,excel
1765,benchmark computing
1766,cost database
1767,apache zeppelin
1768,wordnet
1769,clojurescript
1770,compiler
1771,bitrise
1772,commerce
1773,unreal engine
1774,template matching
1775,espace
1776,network congestion
1777,ethereum
1778,semaphore
1779,unity
1780,multispectral image
1781,mysql
1782,omniauth
1783,haml
1784,structural equation modeling
1785,computability theory
1786,internet of things
1787,speech recognition
1788,operational transformation
1789,snippet
1790,redshift
1791,multi objective optimization
1792,decision support system
1793,pulp and paper industry
1794,slim
1795,communications
1796,linux
1797,scripting language
1798,akka
1799,aeronautics
1800,sentry
1801,smart card
1802,waste management
1803,flutter
1804,motion compensation
1805,preact
1806,adder
1807,data type
1808,rails api
1809,pile
1810,duplicate content
1811,cloud storage
1812,relay
1813,wercker
1814,typescript
1815,multi core processor
1816,logic programming
1817,g suite
1818,databricks
1819,virtual organization
1820,angularjs
1821,tailwind css
1822,ruby
1823,big data
1824,digital filter
1825,database security
1826,real time data processing
1827,dimensionality reduction
1828,group chat  notifications
1829,d3
1830,uglifyjs
1831,ranking
1832,field of view
1833,terminal
1834,mobile prototyping  interaction design tools
1835,protractor
1836,spreadsheets online
1837,alteryx
1838,control engineering
1839,random forest
1840,forensic engineering
1841,paw
1842,geospatial analysis
1843,material design for angular
1844,leaflet
1845,morphology linguistics
1846,noise measurement
1847,thread computing
1848,confluence
1849,flow control data
1850,latency engineering
1851,c++
1852,devdocs
1853,ml kit
1854,stop words
1855,triangulation social science
1856,logic gate
1857,mobile computing
1858,jruby
1859,karma
1860,shared memory
1861,wireframing
1862,query language
1863,text mining
1864,html
1865,metric
1866,aws codebuild
1867,cloud ide
1868,mongodb hosting
1869,load balancer  reverse proxy
1870,automaton
1871,gaussian noise
1872,findability
1873,fingerprint
1874,optimizely
1875,brackets
1876,feature detection
1877,case based reasoning
1878,linear programming
1879,javascript framework components
1880,customer analytics
1881,box
1882,linked data
1883,probability
1884,kernel linear algebra
1885,material ui
1886,programming language
1887,google cloud
1888,chatbot platforms  tools
1889,object relational mapper orm
1890,openshift
1891,geotechnical engineering
1892,status page hosting
1893,pytorch
1894,data quality
1895,computational mathematics
1896,rubocop
1897,coreos
1898,outlier
1899,doctrine 2
1900,online public access catalog
1901,uikit
1902,prisma
1903,programming paradigm
1904,codekit
1905,bot
1906,homogeneity statistics
1907,fingerprint recognition
1908,functional dependency
1909,fortran
1910,mocha
1911,ajax
1912,sendgrid
1913,vue.js
1914,filter signal processing
1915,agile project management
1916,circleci
1917,aspect oriented programming
1918,system integration
1919,superresolution
1920,enzyme
1921,exact algorithm
1922,material design lite
1923,airflow
1924,emulator
1925,wavelength division multiplexing
1926,redux saga
1927,js build tools  js task runners
1928,wide area network
1929,contextual query language
1930,computer cluster
1931,signalr
1932,wireless ad hoc network
1933,semi supervised learning
1934,crystal
1935,google cloud functions
1936,sauce labs
1937,distributed data store
1938,network management
1939,ontology information science
1940,predictive value of tests
1941,composer
1942,model based reasoning
1943,mixed model
1944,codeigniter
1945,numerical stability
1946,secure multi party computation
1947,amazon ses
1948,website builder
1949,intelligent document
1950,game development
1951,critical path method
1952,world wide web
1953,multidimensional scaling
1954,index term
1955,beta testing  mobile app distribution
1956,critical section
1957,information retrieval
1958,css pre processors  extensions
1959,video processing
1960,adaboost
1961,wimax
1962,first order logic
1963,marketing
1964,key exchange
1965,passive optical network
1966,prestashop
1967,debugging
1968,pattern recognition psychology
1969,multi user
1970,azure storage
1971,petri net
1972,web servers
1973,speaker recognition
1974,monitoring
1975,grape
1976,data sharing
1977,containers as a service
1978,dedicated cloud hosting
1979,kitematic
1980,pig
1981,sinatra
1982,information integration
1983,queueing theory
1984,aws codepipeline
1985,gearman
1986,log management
1987,scheduling computing
1988,dynamic programming
1989,hapi
1990,google
1991,zeromq
1992,remote procedure call rpc
1993,theoretical computer science
1994,flask
1995,computer programming
1996,spread spectrum
1997,read only memory
1998,awesome
1999,external data representation
2000,dependency management
2001,emotion
2002,sonar
2003,logistic regression
2004,telecommunications network
2005,mobile telephony
2006,spacevim
2007,operations management
2008,image processing and management
2009,platform as a service
2010,quantization signal processing
2011,data transmission
2012,visual inspection
2013,image retrieval
2014,data management
2015,chrome extension
2016,dns management
2017,seasonality
2018,general analytics
2019,multiprocessing
2020,port computer networking
2021,noisy data
2022,phoenix framework
2023,framer
2024,network performance
2025,jsdoc
2026,topic model
2027,apache ant
2028,rackspace cloud servers
2029,fossa
2030,program analysis
2031,yarn
2032,zoho crm
2033,knowledge acquisition
2034,clef
2035,coffeescript
2036,state management library
2037,mariadb
2038,hyperspectral imaging
2039,parsing
2040,mobile
2041,fivetran
2042,meltano
2043,dbt
2044,looker
2045,dagster
2046,powerbi
2047,prefect
2048,hightouch
2049,elt
2050,census
2051,kubeflow
2052,google studio
2053,scikit-learn
2054,rudderstack
2055,great expectations
2056,astronomer
2057,metaflow
2058,s3
2059,lambda
2060,athena
2061,sagemaker
2062,datarobot
2063,sisense
2064,graph ql
2065,fastapi
2066,fast-api
2067,ruby on rails
2068,golang
2069,bdd
2070,agile
2071,scypy
2072,rdbms
2073,olap
2074,oltp
2075,demand forecasting
2076,and churn predictions
2077,performant
2078,dynamodb
2079,orchestrators
2080,luigi
2081,version control
2082,idempotence
2083,partition
2084,monitor
2085,airbyte
2086,open source
2087,k8s
2088,churnzero
2089,seo
2090,instagram
2091,tiktok
2092,facebook
